Model,Tn,Left CV,Right CV,Is Nonlinear?
MktRf,4.3787382318015196,-1.4809310962150715,1.1188542730062305,True
